{"cameraMode":{"drawMode":0,"name":"Shaded","section":"Shading Mode"},"sceneLighting":false,"audioPlay":false,"sceneViewState":{"m_AlwaysRefresh":false,"showFog":true,"showSkybox":false,"showFlares":true,"showImageEffects":true,"showParticleSystems":true,"showVisualEffectGraphs":true,"m_FxEnabled":true},"in2DMode":false,"pivot":{"x":-0.0004623718559741974,"y":0.004863514099270105,"z":0.21723736822605134},"rotation":{"x":0.1175338551402092,"y":0.457709401845932,"z":-0.06118907406926155,"w":0.8791772127151489},"size":0.0327722392976284,"orthographic":true}