{"cameraMode":{"drawMode":0,"name":"Shaded","section":"Shading Mode"},"sceneLighting":false,"audioPlay":false,"sceneViewState":{"m_AlwaysRefresh":false,"showFog":true,"showSkybox":false,"showFlares":true,"showImageEffects":true,"showParticleSystems":true,"showVisualEffectGraphs":true,"m_FxEnabled":true},"in2DMode":false,"pivot":{"x":2.384185791015625e-7,"y":-0.1772315800189972,"z":-0.0000011920928955078126},"rotation":{"x":0.05786456540226936,"y":0.26182135939598086,"z":-0.015728158876299859,"w":0.9632520079612732},"size":2.5484540462493898,"orthographic":false}