{"cameraMode":{"drawMode":0,"name":"Shaded","section":"Shading Mode"},"sceneLighting":false,"audioPlay":false,"sceneViewState":{"m_AlwaysRefresh":false,"showFog":true,"showSkybox":false,"showFlares":true,"showImageEffects":true,"showParticleSystems":true,"showVisualEffectGraphs":true,"m_FxEnabled":true},"in2DMode":false,"pivot":{"x":1.862645149230957e-9,"y":-0.0008861579117365181,"z":-5.587935447692871e-9},"rotation":{"x":0.21532316505908967,"y":-0.3949448764324188,"z":0.09577023237943649,"w":0.8879663944244385},"size":0.012742270715534687,"orthographic":true}