{"cameraMode":{"drawMode":0,"name":"Shaded","section":"Shading Mode"},"sceneLighting":false,"audioPlay":false,"sceneViewState":{"m_AlwaysRefresh":false,"showFog":true,"showSkybox":false,"showFlares":true,"showImageEffects":true,"showParticleSystems":true,"showVisualEffectGraphs":true,"m_FxEnabled":true},"in2DMode":false,"pivot":{"x":1.862645149230957e-9,"y":-0.0008861580863595009,"z":-5.587935447692871e-9},"rotation":{"x":0.05786456540226936,"y":0.26182135939598086,"z":-0.015728158876299859,"w":0.9632520079612732},"size":0.014999999664723874,"orthographic":false}