{"cameraMode":{"drawMode":0,"name":"Shaded","section":"Shading Mode"},"sceneLighting":false,"audioPlay":false,"sceneViewState":{"m_AlwaysRefresh":false,"showFog":true,"showSkybox":false,"showFlares":true,"showImageEffects":true,"showParticleSystems":true,"showVisualEffectGraphs":true,"m_FxEnabled":true},"in2DMode":false,"pivot":{"x":1.862645149230957e-9,"y":-0.0008861579117365181,"z":-5.587935447692871e-9},"rotation":{"x":0.00339511688798666,"y":0.9866267442703247,"z":-0.02072240598499775,"w":0.161649689078331},"size":0.012742270715534687,"orthographic":true}