{"cameraMode":{"drawMode":0,"name":"Shaded","section":"Shading Mode"},"sceneLighting":false,"audioPlay":false,"sceneViewState":{"m_AlwaysRefresh":false,"showFog":true,"showSkybox":false,"showFlares":true,"showImageEffects":true,"showParticleSystems":true,"showVisualEffectGraphs":true,"m_FxEnabled":true},"in2DMode":false,"pivot":{"x":3.725290298461914e-9,"y":-0.0006921559106558561,"z":0.163079634308815},"rotation":{"x":0.1175338551402092,"y":0.457709401845932,"z":-0.06118907406926155,"w":0.8791772127151489},"size":0.031964175403118137,"orthographic":true}